pmid	forename_lastname	affiliation
5139139	Vasundra_Tour&#xE9;	Department of Systems Biology and Bioinformatics, University of Rostock, Rostock, 18051 Germany 
5139139	Alexander_Mazein	European Institute for Systems Biology and Medicine (EISBM), CIRI UMR 5308, CNRS-ENS-UCBL-INSERM, Universit&#xE9; de Lyon, 50 Avenue Tony Garnier, Lyon, 69007 France 
5139139	Dagmar_Waltemath	Department of Systems Biology and Bioinformatics, University of Rostock, Rostock, 18051 Germany 
5139139	Irina_Balaur	European Institute for Systems Biology and Medicine (EISBM), CIRI UMR 5308, CNRS-ENS-UCBL-INSERM, Universit&#xE9; de Lyon, 50 Avenue Tony Garnier, Lyon, 69007 France 
5139139	Mansoor_Saqi	European Institute for Systems Biology and Medicine (EISBM), CIRI UMR 5308, CNRS-ENS-UCBL-INSERM, Universit&#xE9; de Lyon, 50 Avenue Tony Garnier, Lyon, 69007 France 
5139139	Ron_Henkel	Scientific Databases and Visualization, Heidelberg Institute for Theoretical Studies, Heidelberg, Germany 
5139139	Johann_Pellet	European Institute for Systems Biology and Medicine (EISBM), CIRI UMR 5308, CNRS-ENS-UCBL-INSERM, Universit&#xE9; de Lyon, 50 Avenue Tony Garnier, Lyon, 69007 France 
5139139	Charles_Auffray	European Institute for Systems Biology and Medicine (EISBM), CIRI UMR 5308, CNRS-ENS-UCBL-INSERM, Universit&#xE9; de Lyon, 50 Avenue Tony Garnier, Lyon, 69007 France 
5103253	R. Cameron_Craddock	Computational Neuroimaging Lab, Center for Biomedical Imaging and Neuromodulation, Nathan Kline Institute for Psychiatric Research, Orangeburg, NY USA 
5103253	Pierre_Bellec	Centre de Recherche, Institut Universitaire de G&#xE9;riatrie de Montr&#xE9;al, Montr&#xE9;al, Quebec Canada 
5103253	Daniel S._Margules	Max Planck Research Group for Neuroanatomy &amp; Connectivity, Max Planck Institute for Human Cognitive and Brain Sciences, Leipzig, Germany 
5103253	B. Nolan_Nichols	SRI International, Menlo Park, CA USA 
5103253	J&#xF6;rg P._Pfannm&#xF6;ller	Functional Imaging Unit, Center for Diagnostic Radiology, Unviersity Medicine Greifswald, Greifswald, Greeifswald Germany 
5103253	AmanPreet_Badhwar	Centre de Recherche, Institut Universitaire de G&#xE9;riatrie de Montr&#xE9;al, Montr&#xE9;al, Quebec Canada 
5103253	David_Kennedy	University of Massachusetts Medical School, Worcester, MA USA 
5103253	Jean-Baptiste_Poline	University of California, Berkeley, CA USA 
5103253	Roberto_Toro	Institut Pasteur, Paris, France 
5103253	Ben_Cipollini	University of California, San Diego, La Jolla, CA USA 
5103253	Ariel_Rokem	University of Washington, Seattle, WA USA 
5103253	Daniel_Clark	Center for the Developing Brain, Child Mind Institute, New York, NY USA 
5103253	Krzysztof J._Gorgolewski	Poldrack Lab, Department of Psychology, Stanford University, Stanford, CA USA 
5103253	R. Cameron_Craddock	Center for the Developing Brain, Child Mind Institute, New York, NY USA 
5103253	R. Cameron_Craddock	Computational Neuroimaging Lab, Center for Biomedical Imaging and Neuromodulation, Nathan Kline Institute for Psychiatric Research, Orangeburg, NY USA 
5103253	Daniel J._Clark	Center for the Developing Brain, Child Mind Institute, New York, NY USA 
5103253	Samir_Das	Montr&#xE9;al Neurological Institute, McGill University and Institute of Pscychology, Montr&#xE9;al, Qu&#xE9;bec Canada 
5103253	C&#xE9;cile_Madjar	Douglas Mental Health Institute, Montr&#xE9;al, Qu&#xE9;bec Canada 
5103253	Ayan_Sengupta	Otto-von-Guericke University, Magdeburg, Germany 
5103253	Zia_Mohades	Montr&#xE9;al Neurological Institute, McGill University and Institute of Pscychology, Montr&#xE9;al, Qu&#xE9;bec Canada 
5103253	Sebastien_Dery	Montreal Neurological Institute, McGill University, Montreal, QC Canada 
5103253	Weiran_Deng	University of Hawaii John A. Burns School of Medicine, Honolulu, Hawaii USA 
5103253	Eric_Earl	Oregon Health &amp; Science University, Portland, OR USA 
5103253	Damion V._Demeter	Oregon Health &amp; Science University, Portland, OR USA 
5103253	Kate_Mills	Oregon Health &amp; Science University, Portland, OR USA 
5103253	Glad_Mihai	University of Greifswald, Greifswald, Germany 
5103253	Luka_Ruzic	Duke Institute for Brain Sciences, Durham, NC USA 
5103253	Nick_Ketz	Department of Psychology and Neuroscience, University of Colorado, Boulder, CO USA 
5103253	Andrew_Reineberg	Institute of Cognitive Neuroscience, University College London, London, United Kingdom 
5103253	Marianne C._Reddan	Department of Psychology and Neuroscience, University of Colorado, Boulder, CO USA 
5103253	Anne-Lise_Goddings	Institute of Cognitive Neuroscience, University College London, London, United Kingdom 
5103253	Javier_Gonzalez-Castillo	Section on Functional Imaging Methods, Laboratory of Brain and Cognition, National Institute of Mental Health, Bethedsa, MD USA 
5103253	Krzysztof J._Gorgolewski	Department of Psychology, Stanford University, Stanford, CA USA 
5103253	Caroline_Froehlich	Computational Neuroimaging Lab, Center for Biomedical Imaging and Neuromodulation, Nathan Kline Institute for Psychiatric Research, Orangeburg, NY USA 
5103253	Gil_Dekel	City University of New York-Hunter College, New York, NY USA 
5103253	Daniel S._Margulies	Max Planck Research Group for Neuroanatomy &amp; Connectivity, Max Planck Institute for Human Cognitive and Brain Sciences, Leipzig, Leipzig Germany 
5103253	R. Cameron_Craddock	Computational Neuroimaging Lab, Center for Biomedical Imaging and Neuromodulation, Nathan Kline Institute for Psychiatric Research, Orangeburg, NY USA 
5103253	Ben D._Fulcher	Monash Institute of Cognitive and Clinical Neurosciences, Monash University, Melbourne, Australia 
5103253	Tristan_Glatard	McGill Centre for Integrative Neuroscience (MCIN), Ludmer Centre for Neuroinformatics and Mental Health, Montreal Neurological Institute (MNI), McGill University, Montr&#xE9;al, Qu&#xE9;bec Canada 
5103253	Samir_Das	McGill Centre for Integrative Neuroscience (MCIN), Ludmer Centre for Neuroinformatics and Mental Health, Montreal Neurological Institute (MNI), McGill University, Montr&#xE9;al, Qu&#xE9;bec Canada 
5103253	Reza_Adalat	McGill Centre for Integrative Neuroscience (MCIN), Ludmer Centre for Neuroinformatics and Mental Health, Montreal Neurological Institute (MNI), McGill University, Montr&#xE9;al, Qu&#xE9;bec Canada 
5103253	Natacha_Beck	McGill Centre for Integrative Neuroscience (MCIN), Ludmer Centre for Neuroinformatics and Mental Health, Montreal Neurological Institute (MNI), McGill University, Montr&#xE9;al, Qu&#xE9;bec Canada 
5103253	R&#xE9;mi_Bernard	McGill Centre for Integrative Neuroscience (MCIN), Ludmer Centre for Neuroinformatics and Mental Health, Montreal Neurological Institute (MNI), McGill University, Montr&#xE9;al, Qu&#xE9;bec Canada 
5103253	Najmeh_Khalili-Mahani	McGill Centre for Integrative Neuroscience (MCIN), Ludmer Centre for Neuroinformatics and Mental Health, Montreal Neurological Institute (MNI), McGill University, Montr&#xE9;al, Qu&#xE9;bec Canada 
5103253	Pierre_Rioux	McGill Centre for Integrative Neuroscience (MCIN), Ludmer Centre for Neuroinformatics and Mental Health, Montreal Neurological Institute (MNI), McGill University, Montr&#xE9;al, Qu&#xE9;bec Canada 
5103253	Marc-&#xC9;tienne_Rousseau	McGill Centre for Integrative Neuroscience (MCIN), Ludmer Centre for Neuroinformatics and Mental Health, Montreal Neurological Institute (MNI), McGill University, Montr&#xE9;al, Qu&#xE9;bec Canada 
5103253	Alan C._Evans	McGill Centre for Integrative Neuroscience (MCIN), Ludmer Centre for Neuroinformatics and Mental Health, Montreal Neurological Institute (MNI), McGill University, Montr&#xE9;al, Qu&#xE9;bec Canada 
5103253	Yaroslav O._Halchenko	Department of Pscyhological &amp; Brain Sciences, Dartmouth College, Hanover, NH USA 
5103253	Matteo Visconti di Oleggio_Castello	Department of Pscyhological &amp; Brain Sciences, Dartmouth College, Hanover, NH USA 
5103253	Ra&#xFA;l_Hern&#xE1;ndez-P&#xE9;rez	Instituto de Neurobiolog&#xED;a, Queretaro, Queretaro Mexico 
5103253	Edgar A._Morales	Instituto de Neurobiolog&#xED;a, Queretaro, Queretaro Mexico 
5103253	Laura V._Cuaya	Instituto de Neurobiolog&#xED;a, Queretaro, Queretaro Mexico 
5103253	Kaori L._Ito	Neural Plasticity and Neurorehabilitation Laboratory, Chan Division of Occupational Science and Occupational Therapy, Division of Biokinesiology and Physical Therapy, Keck School of Medicine Department of Neurology, University of Southern California, Los Angeles, CA USA 
5103253	Sook-Lei_Liew	Neural Plasticity and Neurorehabilitation Laboratory, Chan Division of Occupational Science and Occupational Therapy, Division of Biokinesiology and Physical Therapy, Keck School of Medicine Department of Neurology, University of Southern California, Los Angeles, CA USA 
5103253	Hans J._Johnson	Carver College of Medicine, The University of Iowa, Iowa City, IA USA 
5103253	Erik_Kan	The Saban Research Institute of Children&#x2019;s Hospital, Los Angeles, California USA 
5103253	Julia_Anglin	Chan Division of Occupational Science and Occupational Therapy, USC, Los Angeles, CA USA 
5103253	Michael_Borich	Division of Physical Therapy, Department of Rehabilitation Medicine, Emory University School of Medicine, Atlanta, GA USA 
5103253	Neda_Jahanshad	Imaging Genetics Center, Laboratory of Neuro Imaging, Keck School of Medicine of USC, University of Southern California, Los Angeles, CA USA 
5103253	Paul_Thompson	Imaging Genetics Center, Laboratory of Neuro Imaging, Keck School of Medicine of USC, University of Southern California, Los Angeles, CA USA 
5103253	Sook-Lei_Liew	Chan Division of Occupational Science and Occupational Therapy, Division of Biokinesiology and Physical Therapy, Department of Neurology of the Keck School of Medicine, USC, Los Angeles, CA USA 
5103253	Daniel S._Margulies	Max Planck Research Group for Neuroanatomy &amp; Connectivity, Max Planck Institute for Human Cognitive and Brain Sciences, Leipzig, Germany 
5103253	Marcel_Falkiewicz	Max Planck Research Group for Neuroanatomy &amp; Connectivity, Max Planck Institute for Human Cognitive and Brain Sciences, Leipzig, Germany 
5103253	Julia M._Huntenburg	Max Planck Research Group for Neuroanatomy &amp; Connectivity, Max Planck Institute for Human Cognitive and Brain Sciences, Leipzig, Germany 
5103253	David_O&#x2019;Connor	Center for Biomedical Imaging and Neuromodulation, Nathan Kline Institute for Psychiatric Research, Orangeburg, NY USA 
5103253	Daniel J._Clark	Center for the Developing Brain, Child Mind Institute, New York, NY USA 
5103253	Michael P._Milham	Center for Biomedical Imaging and Neuromodulation, Nathan Kline Institute for Psychiatric Research, Orangeburg, NY USA 
5103253	R. Cameron_Craddock	Center for Biomedical Imaging and Neuromodulation, Nathan Kline Institute for Psychiatric Research, Orangeburg, NY USA 
5103253	Ramon Fraga_Pereira	PUCRS, Porto Alegre, Rio Grande do Sul Brazil 
5103253	Anibal S&#xF3;lon_Heinsfeld	PUCRS, Porto Alegre, Rio Grande do Sul Brazil 
5103253	Alexandre Rosa_Franco	PUCRS, Porto Alegre, Rio Grande do Sul Brazil 
5103253	Augusto_Buchweitz	PUCRS, Porto Alegre, Rio Grande do Sul Brazil 
5103253	Felipe_Meneguzzi	PUCRS, Porto Alegre, Rio Grande do Sul Brazil 
5103253	J&#xF6;rg P._Pfannm&#xF6;ller	Functional Imaging Unit, Center for Diagnostic Radiology, Unviersity Medicine Greifswald, Greifswald, Greeifswald Germany 
5103253	Rickson_Mesquita	Institute of Physics, University of Campinas, Campinas, Campinas Brazil 
5103253	Luis C. T._Herrera	Institute of Physics, University of Campinas, Campinas, Campinas Brazil 
5103253	Daniela_Dentico	Waisman Center, University of Wisconsin, Madison, WI USA 
5103253	Vanessa_Sochat	Program in Biomedical Informatics, Stanford University, Stanford, California USA 
5103253	B. Nolan_Nichols	SRI International, Menlo Park, CA USA 
5103253	Anibal S&#xF3;lon_Heinsfeld	PUCRS, Porto Alegre, Rio Grande do Sul Brazil 
5103253	Alexandre Rosa_Franco	PUCRS, Porto Alegre, Rio Grande do Sul Brazil 
5103253	Augusto_Buchweitz	PUCRS, Porto Alegre, Rio Grande do Sul Brazil 
5103253	Felipe_Meneguzzi	PUCRS, Porto Alegre, Rio Grande do Sul Brazil 
5103253	Julio E._Villalon-Reina	Imaging Genetics Center, Mark and Mary Stevens Neuroimagng and Informatics Institute, Keck School of Medicine of University of Southern California, Marina del Rey, CA USA 
5103253	Eleftherios_Garyfallidis	D&#xE9;partement d&#x2019;informatique, Universit&#xE9; de Sherbrooke, Sherbrooke, Qu&#xE9;bec Canada 
5067895	Astrid_Duque-Ramos	Universidad de Murcia, IMIB-Arrixaca, Campus de Espinardo, Murcia, 30071 Spain 
5067895	Manuel_Quesada-Mart&#xED;nez	Universidad de Murcia, IMIB-Arrixaca, Campus de Espinardo, Murcia, 30071 Spain 
5067895	Miguela_Iniesta-Moreno	Universidad de Murcia, IMIB-Arrixaca, Campus de Espinardo, Murcia, 30071 Spain 
5067895	Jesualdo Tom&#xE1;s_Fern&#xE1;ndez-Breis	Universidad de Murcia, IMIB-Arrixaca, Campus de Espinardo, Murcia, 30071 Spain 
5067895	Robert_Stevens	School of Computer Science, University of Manchester, Oxford Road, Manchester, M13 9PL UK 
5051930	Matthew B._Carson	Department of Preventive Medicine, Feinberg School of Medicine, Northwestern University, Chicago, IL, United States of America      
5051930	Denise M._Scholtens	Department of Preventive Medicine, Feinberg School of Medicine, Northwestern University, Chicago, IL, United States of America      
5051930	Conor N._Frailey	Department of Preventive Medicine, Feinberg School of Medicine, Northwestern University, Chicago, IL, United States of America      
5051930	Stephanie J._Gravenor	Department of Emergency Medicine, Feinberg School of Medicine, Northwestern University, Chicago, IL, United States of America      
5051930	Gayle E._Kricke	Department of Preventive Medicine, Feinberg School of Medicine, Northwestern University, Chicago, IL, United States of America      
5051930	Nicholas D._Soulakis	Department of Preventive Medicine, Feinberg School of Medicine, Northwestern University, Chicago, IL, United States of America      
4981870	Qi_Liu	State Key Laboratory of Tree Genetics and Breeding, Research Institute of Forestry, Chinese Academy of Forestry, Key Laboratory of Tree Breeding and Cultivation, State Forestry Administration, Beijing 100091, China
4981870	Changjun_Ding	State Key Laboratory of Tree Genetics and Breeding, Research Institute of Forestry, Chinese Academy of Forestry, Key Laboratory of Tree Breeding and Cultivation, State Forestry Administration, Beijing 100091, China
4981870	Yanguang_Chu	State Key Laboratory of Tree Genetics and Breeding, Research Institute of Forestry, Chinese Academy of Forestry, Key Laboratory of Tree Breeding and Cultivation, State Forestry Administration, Beijing 100091, China
4981870	Jiafei_Chen	State Key Laboratory of Tree Genetics and Breeding, Research Institute of Forestry, Chinese Academy of Forestry, Key Laboratory of Tree Breeding and Cultivation, State Forestry Administration, Beijing 100091, China
4981870	Weixi_Zhang	State Key Laboratory of Tree Genetics and Breeding, Research Institute of Forestry, Chinese Academy of Forestry, Key Laboratory of Tree Breeding and Cultivation, State Forestry Administration, Beijing 100091, China
4981870	Bingyu_Zhang	State Key Laboratory of Tree Genetics and Breeding, Research Institute of Forestry, Chinese Academy of Forestry, Key Laboratory of Tree Breeding and Cultivation, State Forestry Administration, Beijing 100091, China
4981870	Qinjun_Huang	State Key Laboratory of Tree Genetics and Breeding, Research Institute of Forestry, Chinese Academy of Forestry, Key Laboratory of Tree Breeding and Cultivation, State Forestry Administration, Beijing 100091, China
4981870	Xiaohua_Su	State Key Laboratory of Tree Genetics and Breeding, Research Institute of Forestry, Chinese Academy of Forestry, Key Laboratory of Tree Breeding and Cultivation, State Forestry Administration, Beijing 100091, China
4971676	Jennifer_Chang	Department of Genetics, Development and Cell Biology, Iowa State University, Iowa, 50011 Ames USA 
4971676	Hyejin_Cho	Department of Genetics, Development and Cell Biology, Iowa State University, Iowa, 50011 Ames USA 
4971676	Hui-Hsien_Chou	Department of Genetics, Development and Cell Biology, Iowa State University, Iowa, 50011 Ames USA 
4960687	Artem_Lysenko	Rothamsted Research, Harpenden, West Common, Hertfordshire, AL5 2JQ UK 
4960687	Irina A._Roznov&#x103;&#x163;	European Institute for Systems Biology and Medicine (EISBM), CIRI UMR CNRS 5308, CNRS-ENS-UCBL-INSERM, Lyon, France 
4960687	Mansoor_Saqi	European Institute for Systems Biology and Medicine (EISBM), CIRI UMR CNRS 5308, CNRS-ENS-UCBL-INSERM, Lyon, France 
4960687	Alexander_Mazein	European Institute for Systems Biology and Medicine (EISBM), CIRI UMR CNRS 5308, CNRS-ENS-UCBL-INSERM, Lyon, France 
4960687	Christopher J_Rawlings	Rothamsted Research, Harpenden, West Common, Hertfordshire, AL5 2JQ UK 
4960687	Charles_Auffray	European Institute for Systems Biology and Medicine (EISBM), CIRI UMR CNRS 5308, CNRS-ENS-UCBL-INSERM, Lyon, France 
5001768	Andrew R._Post	Atlanta Clinical and Translational Science Institute, Emory University, Atlanta, GA
5001768	Akshatha K._Pai	Atlanta Clinical and Translational Science Institute, Emory University, Atlanta, GA
5001768	Richard_Willard	Atlanta Clinical and Translational Science Institute, Emory University, Atlanta, GA
5001768	Bradley J._May	Atlanta Clinical and Translational Science Institute, Emory University, Atlanta, GA
5001768	Andrew C._West	Atlanta Clinical and Translational Science Institute, Emory University, Atlanta, GA
5001768	Sanjay_Agravat	Atlanta Clinical and Translational Science Institute, Emory University, Atlanta, GA
5001768	Stephen J._Granite	Institute for Computational Medicine, Johns Hopkins University, Baltimore, MD
5001768	Raimond L._Winslow	Institute for Computational Medicine, Johns Hopkins University, Baltimore, MD
5001768	David S._Stephens	Atlanta Clinical and Translational Science Institute, Emory University, Atlanta, GA
4899405	Omar_Batarfi	King Abdulaziz University, Jeddah, Saudi Arabia 
4899405	Radwa_Elshawi	Princess Nourah Bint Abdulrahman University, Riyadh, Saudi Arabia 
4899405	Ayman_Fayoumi	King Abdulaziz University, Jeddah, Saudi Arabia 
4899405	Ahmed_Barnawi	King Abdulaziz University, Jeddah, Saudi Arabia 
4899405	Sherif_Sakr	University of New South Wales, Sydney, Australia 
4873016	Joseph_Mullen	Interdisciplinary Computing and Complex BioSystems (ICOS) Research Group, School of Computing Science, Newcastle University, Newcastle upon Tyne, United Kingdom      
4873016	Simon J._Cockell	Bioinformatics Support Unit, Newcastle University, Newcastle upon Tyne, United Kingdom      
4873016	Peter_Woollard	Computational Biology Department, Quantitative Sciences, GlaxoSmithKline Research &amp; Development Ltd, Stevenage, Hertfordshire, United Kingdom      
4873016	Anil_Wipat	Interdisciplinary Computing and Complex BioSystems (ICOS) Research Group, School of Computing Science, Newcastle University, Newcastle upon Tyne, United Kingdom      
4838325	Tadeusz_Che&#x142;kowski	Kozminski University, Warsaw, Poland      
4838325	Peter_Gloor	Massachusetts Institute of Technology, Center for Cognitive Intelligence, Cambridge, Massachusetts, United States of America      
4838325	Dariusz_Jemielniak	Kozminski University, New Research on Digital Societies (NeRDS) group, Warsaw, Poland      
4801359	Martin_Preusse	Institute of Computational Biology, Helmholtz Zentrum M&#xFC;nchen, German Research Center for Environmental Health, Neuherberg, Germany      
4801359	Fabian J._Theis	Institute of Computational Biology, Helmholtz Zentrum M&#xFC;nchen, German Research Center for Environmental Health, Neuherberg, Germany      
4801359	Nikola S._Mueller	Institute of Computational Biology, Helmholtz Zentrum M&#xFC;nchen, German Research Center for Environmental Health, Neuherberg, Germany      
4726433	Colleen J._Saunders	South African National Bioinformatics Institute/MRC Unit for Bioinformatics Capacity Development, University of the Western Cape, Bellville, South Africa
4726433	Mahjoubeh_Jalali Sefid Dashti	South African National Bioinformatics Institute/MRC Unit for Bioinformatics Capacity Development, University of the Western Cape, Bellville, South Africa
4726433	Junaid_Gamieldien	South African National Bioinformatics Institute/MRC Unit for Bioinformatics Capacity Development, University of the Western Cape, Bellville, South Africa
4736989	Joseph_Mullen	Interdisciplinary Computing and Complex BioSystems Research Group, School of Computing Science, University of Newcastle-upon-Tyne, Newcastle upon Tyne, United Kingdom
4736989	Simon J._Cockell	Bioinformatics Support Unit, University of Newcastle-upon-Tyne, United Kingdom
4736989	Hannah_Tipney	Computational Biology, Target Sciences, GSK R&amp;D, GlaxoSmithKline, Stevenage, Hertfordshire, United Kingdom
4736989	Peter M._Woollard	Computational Biology, Target Sciences, GSK R&amp;D, GlaxoSmithKline, Stevenage, Hertfordshire, United Kingdom
4736989	Anil_Wipat	Interdisciplinary Computing and Complex BioSystems Research Group, School of Computing Science, University of Newcastle-upon-Tyne, Newcastle upon Tyne, United Kingdom
4730533	Marco_Palomino	School of Computing and Digital Media, Robert Gordon University, Aberdeen, Scotland AB10 7GE, UK;  (J.I.)
4730533	Tim_Taylor	European Centre for Environment and Human Health, University of Exeter Medical School, Truro, Cornwall TR1 3HD, UK;  (S.W.)
4730533	Ayse_G&#xF6;ker	School of Computing and Digital Media, Robert Gordon University, Aberdeen, Scotland AB10 7GE, UK;  (J.I.)
4730533	John_Isaacs	School of Computing and Digital Media, Robert Gordon University, Aberdeen, Scotland AB10 7GE, UK;  (J.I.)
4730533	Sara_Warber	European Centre for Environment and Human Health, University of Exeter Medical School, Truro, Cornwall TR1 3HD, UK;  (S.W.)
4699901	Mirko_K&#xE4;mpf	Institut f&#xFC;r Physik, Martin-Luther-Universit&#xE4;t Halle-Wittenberg, Sachsen-Anhalt, Germany      
4699901	Eric_Tessenow	School of Media and Communication, University of Leeds, Leeds, United Kingdom      
4699901	Dror Y._Kenett	Center for Polymer Studies and Department of Physics, Boston University, Boston, United States of America      
4699901	Jan W._Kantelhardt	Institut f&#xFC;r Physik, Martin-Luther-Universit&#xE4;t Halle-Wittenberg, Sachsen-Anhalt, Germany      
4699365	B&#xE1;lint_Antal	Genetics Department, University of Cambridge, Downing Street, Cambridge, CB2 3EH UK 
4699365	Anatole_Chessel	Genetics Department, University of Cambridge, Downing Street, Cambridge, CB2 3EH UK 
4699365	Rafael E._Carazo Salas	Genetics Department, University of Cambridge, Downing Street, Cambridge, CB2 3EH UK 
4684231	Davide_Alocci	Proteome Informatics Group, SIB Swiss Institute of Bioinformatics, Geneva, 1211, Switzerland      
4684231	Julien_Mariethoz	Proteome Informatics Group, SIB Swiss Institute of Bioinformatics, Geneva, 1211, Switzerland      
4684231	Oliver_Horlacher	Proteome Informatics Group, SIB Swiss Institute of Bioinformatics, Geneva, 1211, Switzerland      
4684231	Jerven T._Bolleman	Swiss-Prot Group, SIB Swiss Institute of Bioinformatics, Geneva, 1211, Switzerland      
4684231	Matthew P._Campbell	Department of Chemistry and Biomolecular Sciences, Macquarie University, Sydney, Australia      
4684231	Frederique_Lisacek	Proteome Informatics Group, SIB Swiss Institute of Bioinformatics, Geneva, 1211, Switzerland      
4722177	Xinbin_Dai	Plant Biology Division, The Samuel Roberts Noble Foundation, 2510 Sam Noble Parkway, Ardmore, OK 73401, USA
4722177	Jun_Li	Plant Biology Division, The Samuel Roberts Noble Foundation, 2510 Sam Noble Parkway, Ardmore, OK 73401, USA
4722177	Tingsong_Liu	Plant Biology Division, The Samuel Roberts Noble Foundation, 2510 Sam Noble Parkway, Ardmore, OK 73401, USA
4722177	Patrick Xuechun_Zhao	Plant Biology Division, The Samuel Roberts Noble Foundation, 2510 Sam Noble Parkway, Ardmore, OK 73401, USA
4676132	Filippo_Del Vecchio	Department of Biotechnological and Applied Clinical Sciences, University of L&#x2019;Aquila, Via Vetoio, Coppito 2, 67100 L&#x2019;Aquila, Italy 
4676132	Francesco_Gallo	Department of Computer Engineering and Science, and Mathematics, University of L&#x2019;Aquila, Via Vetoio, Coppito 1, L&#x2019;Aquila, 67100 Italy 
4676132	Antinisca_Di Marco	Department of Computer Engineering and Science, and Mathematics, University of L&#x2019;Aquila, Via Vetoio, Coppito 1, L&#x2019;Aquila, 67100 Italy 
4676132	Valentina_Mastroiaco	Department of Biotechnological and Applied Clinical Sciences, University of L&#x2019;Aquila, Via Vetoio, Coppito 2, 67100 L&#x2019;Aquila, Italy 
4676132	Pasquale_Caianiello	Department of Computer Engineering and Science, and Mathematics, University of L&#x2019;Aquila, Via Vetoio, Coppito 1, L&#x2019;Aquila, 67100 Italy 
4676132	Francesca_Zazzeroni	Department of Biotechnological and Applied Clinical Sciences, University of L&#x2019;Aquila, Via Vetoio, Coppito 2, 67100 L&#x2019;Aquila, Italy 
4676132	Edoardo_Alesse	Department of Biotechnological and Applied Clinical Sciences, University of L&#x2019;Aquila, Via Vetoio, Coppito 2, 67100 L&#x2019;Aquila, Italy 
4676132	Alessandra_Tessitore	Department of Biotechnological and Applied Clinical Sciences, University of L&#x2019;Aquila, Via Vetoio, Coppito 2, 67100 L&#x2019;Aquila, Italy 
4702940	Sunghwan_Kim	National Center for Biotechnology Information, National Library of Medicine, National Institutes of Health, Department of Health and Human Services, Bethesda, MD 20894, USA
4702940	Paul A._Thiessen	National Center for Biotechnology Information, National Library of Medicine, National Institutes of Health, Department of Health and Human Services, Bethesda, MD 20894, USA
4702940	Evan E._Bolton	National Center for Biotechnology Information, National Library of Medicine, National Institutes of Health, Department of Health and Human Services, Bethesda, MD 20894, USA
4702940	Jie_Chen	National Center for Biotechnology Information, National Library of Medicine, National Institutes of Health, Department of Health and Human Services, Bethesda, MD 20894, USA
4702940	Gang_Fu	National Center for Biotechnology Information, National Library of Medicine, National Institutes of Health, Department of Health and Human Services, Bethesda, MD 20894, USA
4702940	Asta_Gindulyte	National Center for Biotechnology Information, National Library of Medicine, National Institutes of Health, Department of Health and Human Services, Bethesda, MD 20894, USA
4702940	Lianyi_Han	National Center for Biotechnology Information, National Library of Medicine, National Institutes of Health, Department of Health and Human Services, Bethesda, MD 20894, USA
4702940	Jane_He	National Center for Biotechnology Information, National Library of Medicine, National Institutes of Health, Department of Health and Human Services, Bethesda, MD 20894, USA
4702940	Siqian_He	National Center for Biotechnology Information, National Library of Medicine, National Institutes of Health, Department of Health and Human Services, Bethesda, MD 20894, USA
4702940	Benjamin A._Shoemaker	National Center for Biotechnology Information, National Library of Medicine, National Institutes of Health, Department of Health and Human Services, Bethesda, MD 20894, USA
4702940	Jiyao_Wang	National Center for Biotechnology Information, National Library of Medicine, National Institutes of Health, Department of Health and Human Services, Bethesda, MD 20894, USA
4702940	Bo_Yu	National Center for Biotechnology Information, National Library of Medicine, National Institutes of Health, Department of Health and Human Services, Bethesda, MD 20894, USA
4702940	Jian_Zhang	National Center for Biotechnology Information, National Library of Medicine, National Institutes of Health, Department of Health and Human Services, Bethesda, MD 20894, USA
4702940	Stephen H._Bryant	National Center for Biotechnology Information, National Library of Medicine, National Institutes of Health, Department of Health and Human Services, Bethesda, MD 20894, USA
4615630	Martin_Preusse	Helmholtz Zentrum M&#xFC;nchen &#x2013; German Research Center for Environmental Health; Institute of Computational Biology; Neuherberg, Germany
4615630	Carsten_Marr	Helmholtz Zentrum M&#xFC;nchen &#x2013; German Research Center for Environmental Health; Institute of Computational Biology; Neuherberg, Germany
4615630	Sita_Saunders	Bioinformatics; Department of Computer Science; University of Freiburg; Freiburg, Germany
4615630	Daniel_Maticzka	Bioinformatics; Department of Computer Science; University of Freiburg; Freiburg, Germany
4615630	Heiko_Lickert	Helmholtz Zentrum M&#xFC;nchen &#x2013; German Research Center for Environmental Health; Institute of Diabetes and Regeneration Research; Neuherberg, Germany
4615630	Rolf_Backofen	Bioinformatics; Department of Computer Science; University of Freiburg; Freiburg, Germany
4615630	Fabian_Theis	Helmholtz Zentrum M&#xFC;nchen &#x2013; German Research Center for Environmental Health; Institute of Diabetes and Regeneration Research; Neuherberg, Germany
4562606	Kwanjeera_Wanichthanarak	University of California, Genome Center, Davis, CA, USA.
4562606	Johannes F_Fahrmann	University of California, Genome Center, Davis, CA, USA.
4562606	Dmitry_Grapov	CDS Creative Data Solutions, Ballwin, MO, USA.
4653389	Georg_Summer	Center for Heart Failure Research, Cardiovascular Research Institute Maastricht (CARIM), University Hospital Maastricht, Maastricht, The Netherlands,
4653389	Thomas_Kelder	EdgeLeap B.V., Utrecht, The Netherlands and
4653389	Keiichiro_Ono	Department of Medicine, University of California, San Diego, La Jolla, CA, USA
4653389	Marijana_Radonjic	EdgeLeap B.V., Utrecht, The Netherlands and
4653389	Stephane_Heymans	Center for Heart Failure Research, Cardiovascular Research Institute Maastricht (CARIM), University Hospital Maastricht, Maastricht, The Netherlands,
4653389	Barry_Demchak	Department of Medicine, University of California, San Diego, La Jolla, CA, USA
4466500	Alexandre G._de Brevern	INSERM, U 1134, DSIMB, 75739 Paris, France
4466500	Jean-Philippe_Meyniel	Isoft, Les Algorithmes, B&#xE2;timent Euclide, Route de l'Orme, 91190 Saint-Aubin, France
4466500	C&#xE9;cile_Fairhead	Institut de G&#xE9;n&#xE9;tique et Microbiologie, UMR 8621 CNRS-Universit&#xE9; Paris Sud, B&#xE2;t 400, UFR des Sciences, 91405 Orsay Cedex, France
4466500	C&#xE9;cile_Neuv&#xE9;glise	INRA, UMR 1319 Micalis, 78352 Jouy-en-Josas, France
4466500	Alain_Malpertuy	ATRAGENE, 33-35 rue Ledru-Rollin, 94200 Ivry-sur-Seine, France
4451068	Kevin_Chiang	Department of Computer Science and Engineering, University of Nebraska-Lincoln, Lincoln, NE, United States of America      
4451068	Jiang_Shu	Department of Computer Science and Engineering, University of Nebraska-Lincoln, Lincoln, NE, United States of America      
4451068	Janos_Zempleni	Department of Nutrition and Health Sciences, University of Nebraska-Lincoln, Lincoln, NE, United States of America      
4451068	Juan_Cui	Department of Computer Science and Engineering, University of Nebraska-Lincoln, Lincoln, NE, United States of America      
4547614	Emily Jane_McTavish	Department of Ecology and Evolutionary Biology, University of Kansas, Lawrence, KS, USA,
4547614	Cody E._Hinchliff	Department of Ecology and Evolutionary Biology, University of Michigan, Ann Arbor, MI, USA,
4547614	James F._Allman	Interrobang Corporation, Wake Forest, NC 27587, USA and
4547614	Joseph W._Brown	Department of Ecology and Evolutionary Biology, University of Michigan, Ann Arbor, MI, USA,
4547614	Karen A._Cranston	National Evolutionary Synthesis Center, Duke University, Durham, NC, USA
4547614	Mark T._Holder	Department of Ecology and Evolutionary Biology, University of Kansas, Lawrence, KS, USA,
4547614	Jonathan A._Rees	National Evolutionary Synthesis Center, Duke University, Durham, NC, USA
4547614	Stephen A._Smith	Department of Ecology and Evolutionary Biology, University of Michigan, Ann Arbor, MI, USA,
4352687	Ron_Henkel	University of Rostock, Department of Computer Science, Albert-Einstein-Stra&#xDF;e 22, D-18059 Rostock, Germany, 2Department of Systems Biology and Bioinformatics, University of Rostock, Ulmenstrasse 69, 18057 Rostock, Germany and 3Stellenbosch Institute for Advanced Study (STIAS), Wallenberg Research Centre at Stellenbosch University, Stellenbosch 7600, South Africa
4352687	Olaf_Wolkenhauer	University of Rostock, Department of Computer Science, Albert-Einstein-Stra&#xDF;e 22, D-18059 Rostock, Germany, 2Department of Systems Biology and Bioinformatics, University of Rostock, Ulmenstrasse 69, 18057 Rostock, Germany and 3Stellenbosch Institute for Advanced Study (STIAS), Wallenberg Research Centre at Stellenbosch University, Stellenbosch 7600, South Africa
4352687	Dagmar_Waltemath	University of Rostock, Department of Computer Science, Albert-Einstein-Stra&#xDF;e 22, D-18059 Rostock, Germany, 2Department of Systems Biology and Bioinformatics, University of Rostock, Ulmenstrasse 69, 18057 Rostock, Germany and 3Stellenbosch Institute for Advanced Study (STIAS), Wallenberg Research Centre at Stellenbosch University, Stellenbosch 7600, South Africa
4825692	Jonathan_Kuck	Department of Computer Science, University of Illinois at Urbana-Champaign
4825692	Honglei_Zhuang	Department of Computer Science, University of Illinois at Urbana-Champaign
4825692	Xifeng_Yan	Computer Science Department, University of California at Santa Barbara
4825692	Hasan_Cam	US Army Research Lab
4825692	Jiawei_Han	Department of Computer Science, University of Illinois at Urbana-Champaign
4361730	Miriam_Land	Comparative Genomics Group, Biosciences Division, Oak Ridge National Laboratory, Oak Ridge, TN 37831 USA 
4361730	Loren_Hauser	Comparative Genomics Group, Biosciences Division, Oak Ridge National Laboratory, Oak Ridge, TN 37831 USA 
4361730	Se-Ran_Jun	Comparative Genomics Group, Biosciences Division, Oak Ridge National Laboratory, Oak Ridge, TN 37831 USA 
4361730	Intawat_Nookaew	Comparative Genomics Group, Biosciences Division, Oak Ridge National Laboratory, Oak Ridge, TN 37831 USA 
4361730	Michael R._Leuze	Computer Science and Mathematics Division, Computer Science Research Group, Oak Ridge National Laboratory, Oak Ridge, TN 37831 USA 
4361730	Tae-Hyuk_Ahn	Comparative Genomics Group, Biosciences Division, Oak Ridge National Laboratory, Oak Ridge, TN 37831 USA 
4361730	Tatiana_Karpinets	Comparative Genomics Group, Biosciences Division, Oak Ridge National Laboratory, Oak Ridge, TN 37831 USA 
4361730	Ole_Lund	Center for Biological Sequence Analysis, Department of Systems Biology, The Technical University of Denmark, Kgs. Lyngby, 2800 Denmark 
4361730	Guruprased_Kora	Computer Science and Mathematics Division, Computer Science Research Group, Oak Ridge National Laboratory, Oak Ridge, TN 37831 USA 
4361730	Trudy_Wassenaar	Molecular Microbiology and Genomics Consultants, Tannenstr 7, 55576 Zotzenheim, Germany 
4361730	Suresh_Poudel	Comparative Genomics Group, Biosciences Division, Oak Ridge National Laboratory, Oak Ridge, TN 37831 USA 
4361730	David W._Ussery	Comparative Genomics Group, Biosciences Division, Oak Ridge National Laboratory, Oak Ridge, TN 37831 USA 
4394967	Nicholas D_Soulakis	Division of Health and Biomedical Informatics, Department of Preventive Medicine, Northwestern University, Chicago, IL, USA
4394967	Matthew B_Carson	Division of Health and Biomedical Informatics, Department of Preventive Medicine, Northwestern University, Chicago, IL, USA
4394967	Young Ji_Lee	Division of Health and Biomedical Informatics, Department of Preventive Medicine, Northwestern University, Chicago, IL, USA
4394967	Daniel H_Schneider	Northwestern University Clinical and Translational Sciences Institute, Chicago, IL, USA
4394967	Connor T_Skeehan	Division of Health and Biomedical Informatics, Department of Preventive Medicine, Northwestern University, Chicago, IL, USA
4394967	Denise M_Scholtens	Division of Biostatistics, Department of Preventive Medicine, Northwestern University, Chicago, IL, USA
4409855	Rui_Wang	          European Molecular Biology Laboratory, European Bioinformatics Institute (EMBL-EBI), Wellcome Trust Genome Campus          Hinxton, Cambridge, UK        
4409855	Yasset_Perez-Riverol	          European Molecular Biology Laboratory, European Bioinformatics Institute (EMBL-EBI), Wellcome Trust Genome Campus          Hinxton, Cambridge, UK        
4409855	Henning_Hermjakob	          European Molecular Biology Laboratory, European Bioinformatics Institute (EMBL-EBI), Wellcome Trust Genome Campus          Hinxton, Cambridge, UK        
4409855	Juan Antonio_Vizca&#xED;no	          European Molecular Biology Laboratory, European Bioinformatics Institute (EMBL-EBI), Wellcome Trust Genome Campus          Hinxton, Cambridge, UK        
4331812	Ling_Li	Department of Genetics, Development and Cell Biology, Iowa State University, Ames, Iowa 50011, USA
4331812	Manhoi_Hur	Department of Genetics, Development and Cell Biology, Iowa State University, Ames, Iowa 50011, USA
4331812	Joon-Yong_Lee	Department of Genetics, Development and Cell Biology, Iowa State University, Ames, Iowa 50011, USA
4331812	Wenxu_Zhou	Department of Biochemistry, Biophysics and Molecular Biology, Iowa State University, Ames, Iowa 50011, USA
4331812	Zhihong_Song	Department of Biochemistry, Biophysics and Molecular Biology, Iowa State University, Ames, Iowa 50011, USA
4331812	Nick_Ransom	Department of Genetics, Development and Cell Biology, Iowa State University, Ames, Iowa 50011, USA
4331812	Cumhur Yusuf_Demirkale	Department of Statistics, Iowa State University, Ames, Iowa 50011, USA
4331812	Dan_Nettleton	Department of Statistics, Iowa State University, Ames, Iowa 50011, USA
4331812	Mark_Westgate	Department of Agronomy, Iowa State University, Ames, Iowa 50011, USA
4331812	Zebulun_Arendsee	Department of Genetics, Development and Cell Biology, Iowa State University, Ames, Iowa 50011, USA
4331812	Vidya_Iyer	Department of Chemical and Biological Engineering, Iowa State University, Ames, Iowa 50011, USA
4331812	Jackie_Shanks	Department of Chemical and Biological Engineering, Iowa State University, Ames, Iowa 50011, USA
4331812	Basil_Nikolau	Department of Biochemistry, Biophysics and Molecular Biology, Iowa State University, Ames, Iowa 50011, USA
4331812	Eve Syrkin_Wurtele	Department of Genetics, Development and Cell Biology, Iowa State University, Ames, Iowa 50011, USA
4260769	David_Johnson	Department of Computing, Imperial College London, London, UK.
4260769	Anthony J_Connor	Department of Computer Science, University of Oxford, Oxford, UK.
4260769	Steve_McKeever	Department of Informatics and Media, Uppsala University, Uppsala, Sweden.
4260769	Zhihui_Wang	Department of Pathology, University of New Mexico, Albuquerque, NM, USA.
4260769	Thomas S_Deisboeck	Harvard-MIT (HST) Athinoula A. Martinos Center for Biomedical Imaging, Massachusetts General Hospital, Charlestown, MA, USA.
4260769	Tom_Quaiser	Roche Pharmaceutical Research and Early Development (pRED), Roche Innovation Center, Penzberg, Germany.
4260769	Eliezer_Shochat	Roche Pharmaceutical Research and Early Development, Roche Innovation Center, Basel, Switzerland.
4383880	Warren A._Kibbe	Center for Biomedical Informatics and Information Technology, National Cancer Institute, 9609 Medical Center Drive, Rockville, MD 20850, USA
4383880	Cesar_Arze	Institute for Genome Sciences, University of Maryland School of Medicine, Baltimore, MD 21201, USA
4383880	Victor_Felix	Institute for Genome Sciences, University of Maryland School of Medicine, Baltimore, MD 21201, USA
4383880	Elvira_Mitraka	Institute for Genome Sciences, University of Maryland School of Medicine, Baltimore, MD 21201, USA
4383880	Evan_Bolton	PubChem, National Center for Biotechnology Information, National Library of Medicine National Institutes of Health Department of Health and Human Services 8600 Rockville Pike, Bethesda, MD 20894, USA
4383880	Gang_Fu	PubChem, National Center for Biotechnology Information, National Library of Medicine National Institutes of Health Department of Health and Human Services 8600 Rockville Pike, Bethesda, MD 20894, USA
4383880	Christopher J._Mungall	Genomics Division, Lawrence Berkeley National Laboratory, Berkeley, CA 94720, USA
4383880	Janos X._Binder	Structural and Computational Biology Unit, European Molecular Biology Laboratory (EMBL), Heidelberg, 69117, Germany
4383880	James_Malone	European Molecular Biology Laboratory, European Bioinformatics Institute (EMBL-EBI), Wellcome Trust Genome Campus, Hinxton, Cambridge CB10 1SD, UK
4383880	Drashtti_Vasant	European Molecular Biology Laboratory, European Bioinformatics Institute (EMBL-EBI), Wellcome Trust Genome Campus, Hinxton, Cambridge CB10 1SD, UK
4383880	Helen_Parkinson	European Molecular Biology Laboratory, European Bioinformatics Institute (EMBL-EBI), Wellcome Trust Genome Campus, Hinxton, Cambridge CB10 1SD, UK
4383880	Lynn M._Schriml	Institute for Genome Sciences, University of Maryland School of Medicine, Baltimore, MD 21201, USA
4172698	William E._Butler	Neurosurgical Service, Massachusetts General Hospital, Boston, MA, USA
4172698	Nadia_Atai	Neurosurgical Service, Massachusetts General Hospital, Boston, MA, USA
4172698	Bob_Carter	Department of Neurosurgery, University of San Diego Medical School, San Diego, CA, USA
4172698	Fred_Hochberg	Massachusetts General Hospital, Boston, MA, USA
4092319	Rutger Aldo_Vos	Naturalis Biodiversity Center, Leiden, Netherlands      
4092319	Jordan Valkov_Biserkov	Pensoft Publishers, Sofia, Bulgaria      
4092319	Bachir_Balech	Institute of Biomembranes and Bioenergetics, National Research Council, Bari, Italy      
4092319	Niall_Beard	University of Manchester, Manchester, United Kingdom      
4092319	Matthew_Blissett	Royal Botanic Gardens, Kew, United Kingdom      
4092319	Christian_Brenninkmeijer	University of Manchester, Manchester, United Kingdom      
4092319	Tom_van Dooren	Naturalis Biodiversity Center, Leiden, Netherlands      
4092319	David_Eades	The Illinois Natural History Survey, Champaign, United States of America      
4092319	George_Gosline	Royal Botanic Gardens, Kew, United Kingdom      
4092319	Quentin John_Groom	        &#x2020;&#x2020;        Agentschap Plantentuin Meise, Meise, Belgium      
4092319	Thomas D._Hamann	Naturalis Biodiversity Center, Leiden, Netherlands      
4092319	Hannes_Hettling	Naturalis Biodiversity Center, Leiden, Netherlands      
4092319	Robert_Hoehndorf	        &#x2021;&#x2021;        Aberystwyth University, Aberystwyth, United Kingdom      
4092319	Ayco_Holleman	Naturalis Biodiversity Center, Leiden, Netherlands      
4092319	Peter_Hovenkamp	Naturalis Biodiversity Center, Leiden, Netherlands      
4092319	Patricia_Kelbert	        &#xA7;&#xA7;        Botanic Garden and Botanical Museum Berlin-Dahlem, Freie Universit&#xE4;t Berlin, Berlin, Germany      
4092319	David_King	The Open University, Milton Keynes, United Kingdom      
4092319	Don_Kirkup	Royal Botanic Gardens, Kew, United Kingdom      
4092319	Youri_Lammers	Naturalis Biodiversity Center, Leiden, Netherlands      
4092319	Thibaut_DeMeulemeester	Naturalis Biodiversity Center, Leiden, Netherlands      
4092319	Daniel_Mietchen	        &#xB6;&#xB6;        Museum f&#xFC;r Naturkunde, Berlin, Germany      
4092319	Jeremy A._Miller	Naturalis Biodiversity Center, Leiden, Netherlands      
4092319	Ross_Mounce	University of Bath, Bath, United Kingdom      
4092319	Nicola_Nicolson	Royal Botanic Gardens, Kew, United Kingdom      
4092319	Rod_Page	        &#x2020;&#x2020;&#x2020;        University Of Glasgow, Glasgow, United Kingdom      
4092319	Aleksandra_Pawlik	        &#x2021;&#x2021;&#x2021;        Software Sustainability Institute, Manchester, United Kingdom      
4092319	Serrano_Pereira	Naturalis Biodiversity Center, Leiden, Netherlands      
4092319	Lyubomir_Penev	Pensoft Publishers, Sofia, Bulgaria      
4092319	Kevin_Richards	        &#xA7;&#xA7;&#xA7;        Biodiversity Informatics Consultant, Christchurch, New Zealand      
4092319	Guido_Sautter	Plazi, Bern, Switzerland      
4092319	David Peter_Shorthouse	        &#xB6;&#xB6;&#xB6;        Universit&#xE9; de Montr&#xE9;al Biodiversity Centre, Montr&#xE9;al, Canada      
4092319	Marko_T&#xE4;htinen	University of Eastern Finland, Espoo, Finland      
4092319	Claus_Weiland	        &#x2020;&#x2020;&#x2020;&#x2020;        Biodiversity and Climate Research Centre, Senckenberg Gesellschaft f&#xFC;r Naturforschung, Frankfurt, Germany      
4092319	Alan R._Williams	University of Manchester, Manchester, United Kingdom      
4092319	Soraya_Sierra	Naturalis Biodiversity Center, Leiden, Netherlands      
4086107	Jianguo_Xia	Department of Microbiology and Immunology, University of British Columbia, Vancouver, Canada
4086107	Maia J._Benner	Department of Microbiology and Immunology, University of British Columbia, Vancouver, Canada
4086107	Robert E. W._Hancock	Department of Microbiology and Immunology, University of British Columbia, Vancouver, Canada
4026710	Alice F._Jackson	Laboratory for the Neurodevelopment of Reading and Language, Department of Human Development and Quantitative Methodology, University of Maryland        College Park, MD, USA      
4026710	Donald J._Bolger	Laboratory for the Neurodevelopment of Reading and Language, Department of Human Development and Quantitative Methodology, University of Maryland        College Park, MD, USA      
4006453	Marco_Mesiti	AnacletoLab - Department of Computer Science, University of Milano, Via Comelico 39/41, 20135 Milano, Italy
4006453	Matteo_Re	AnacletoLab - Department of Computer Science, University of Milano, Via Comelico 39/41, 20135 Milano, Italy
4006453	Giorgio_Valentini	AnacletoLab - Department of Computer Science, University of Milano, Via Comelico 39/41, 20135 Milano, Italy
4005636	Chengwei_Luo	Centre for Bioinformatics and Computational Genomics, and School of Biology, Georgia Institute of Technology, Atlanta, GA 30332, USA and 2School of Civil and Environmental Engineering, Georgia Institute of Technology, Atlanta, GA 30332, USA
4005636	Luis M._Rodriguez-R	Centre for Bioinformatics and Computational Genomics, and School of Biology, Georgia Institute of Technology, Atlanta, GA 30332, USA and 2School of Civil and Environmental Engineering, Georgia Institute of Technology, Atlanta, GA 30332, USA
4005636	Konstantinos T._Konstantinidis	Centre for Bioinformatics and Computational Genomics, and School of Biology, Georgia Institute of Technology, Atlanta, GA 30332, USA and 2School of Civil and Environmental Engineering, Georgia Institute of Technology, Atlanta, GA 30332, USA
3855388	Martina_Kutmon	Department of Bioinformatics - BiGCaT, NUTRIM School for Nutrition, Toxicology and Metabolism, University of Maastricht, Maastricht, The Netherlands      
3855388	Thomas_Kelder	TNO, Research Group Microbiology and Systems Biology, Zeist, The Netherlands      
3855388	Pooja_Mandaviya	Department of Bioinformatics - BiGCaT, NUTRIM School for Nutrition, Toxicology and Metabolism, University of Maastricht, Maastricht, The Netherlands      
3855388	Chris T. A._Evelo	Department of Bioinformatics - BiGCaT, NUTRIM School for Nutrition, Toxicology and Metabolism, University of Maastricht, Maastricht, The Netherlands      
3855388	Susan L._Coort	Department of Bioinformatics - BiGCaT, NUTRIM School for Nutrition, Toxicology and Metabolism, University of Maastricht, Maastricht, The Netherlands      
3965056	Janusz_Dutkowski	Department of Medicine, University of California San Diego, 9500 Gilman Drive, La Jolla, CA 92093, USA
3965056	Keiichiro_Ono	Department of Medicine, University of California San Diego, 9500 Gilman Drive, La Jolla, CA 92093, USA
3965056	Michael_Kramer	Department of Medicine, University of California San Diego, 9500 Gilman Drive, La Jolla, CA 92093, USA
3965056	Michael_Yu	Department of Medicine, University of California San Diego, 9500 Gilman Drive, La Jolla, CA 92093, USA
3965056	Dexter_Pratt	Department of Medicine, University of California San Diego, 9500 Gilman Drive, La Jolla, CA 92093, USA
3965056	Barry_Demchak	Department of Medicine, University of California San Diego, 9500 Gilman Drive, La Jolla, CA 92093, USA
3965056	Trey_Ideker	Department of Medicine, University of California San Diego, 9500 Gilman Drive, La Jolla, CA 92093, USA
3842757	Christian Theil_Have	Department of Metabolic Genetics, Novo Nordisk Foundation Center for Basic Metabolic Research, University of Copenhagen, 2100 Copenhagen &#xD8;, Denmark and 2Department of Disease Systems Biology, Novo Nordisk Foundation Center for Protein Research, University of Copenhagen, 2100 Copenhagen N, Denmark
3842757	Lars Juhl_Jensen	Department of Metabolic Genetics, Novo Nordisk Foundation Center for Basic Metabolic Research, University of Copenhagen, 2100 Copenhagen &#xD8;, Denmark and 2Department of Disease Systems Biology, Novo Nordisk Foundation Center for Protein Research, University of Copenhagen, 2100 Copenhagen N, Denmark
3784503	Stephen A._Smith	        Department of Ecology and Evolutionary Biology, University of Michigan, Ann Arbor, Michigan, United States of America      
3784503	Joseph W._Brown	        Department of Ecology and Evolutionary Biology, University of Michigan, Ann Arbor, Michigan, United States of America      
3784503	Cody E._Hinchliff	        Department of Ecology and Evolutionary Biology, University of Michigan, Ann Arbor, Michigan, United States of America      
3245088	Lynn Marie_Schriml	Department of Epidemiology and Public Health, 2Institute for Genome Sciences, University of Maryland School of Medicine, Baltimore, MD, USA, 3The Biomedical Informatics Center and Robert H. Lurie Comprehensive Cancer Center, Northwestern University, 676 St Clair, Suite 1200, Chicago, IL 60611, USA
3245088	Cesar_Arze	Department of Epidemiology and Public Health, 2Institute for Genome Sciences, University of Maryland School of Medicine, Baltimore, MD, USA, 3The Biomedical Informatics Center and Robert H. Lurie Comprehensive Cancer Center, Northwestern University, 676 St Clair, Suite 1200, Chicago, IL 60611, USA
3245088	Suvarna_Nadendla	Department of Epidemiology and Public Health, 2Institute for Genome Sciences, University of Maryland School of Medicine, Baltimore, MD, USA, 3The Biomedical Informatics Center and Robert H. Lurie Comprehensive Cancer Center, Northwestern University, 676 St Clair, Suite 1200, Chicago, IL 60611, USA
3245088	Yu-Wei Wayne_Chang	Department of Epidemiology and Public Health, 2Institute for Genome Sciences, University of Maryland School of Medicine, Baltimore, MD, USA, 3The Biomedical Informatics Center and Robert H. Lurie Comprehensive Cancer Center, Northwestern University, 676 St Clair, Suite 1200, Chicago, IL 60611, USA
3245088	Mark_Mazaitis	Department of Epidemiology and Public Health, 2Institute for Genome Sciences, University of Maryland School of Medicine, Baltimore, MD, USA, 3The Biomedical Informatics Center and Robert H. Lurie Comprehensive Cancer Center, Northwestern University, 676 St Clair, Suite 1200, Chicago, IL 60611, USA
3245088	Victor_Felix	Department of Epidemiology and Public Health, 2Institute for Genome Sciences, University of Maryland School of Medicine, Baltimore, MD, USA, 3The Biomedical Informatics Center and Robert H. Lurie Comprehensive Cancer Center, Northwestern University, 676 St Clair, Suite 1200, Chicago, IL 60611, USA
3245088	Gang_Feng	Department of Epidemiology and Public Health, 2Institute for Genome Sciences, University of Maryland School of Medicine, Baltimore, MD, USA, 3The Biomedical Informatics Center and Robert H. Lurie Comprehensive Cancer Center, Northwestern University, 676 St Clair, Suite 1200, Chicago, IL 60611, USA
3245088	Warren Alden_Kibbe	Department of Epidemiology and Public Health, 2Institute for Genome Sciences, University of Maryland School of Medicine, Baltimore, MD, USA, 3The Biomedical Informatics Center and Robert H. Lurie Comprehensive Cancer Center, Northwestern University, 676 St Clair, Suite 1200, Chicago, IL 60611, USA
3236839	Shelton D_Griffith	Biosciences Division, Oak Ridge National Laboratory, Building 1059, P.O. Box 2008, MS 6420, Oak Ridge, TN 37831-6420, USA
3236839	Daniel J_Quest	Biosciences Division, Oak Ridge National Laboratory, Building 1059, P.O. Box 2008, MS 6420, Oak Ridge, TN 37831-6420, USA
3236839	Thomas S_Brettin	Biosciences Division, Oak Ridge National Laboratory, Building 1059, P.O. Box 2008, MS 6420, Oak Ridge, TN 37831-6420, USA
3236839	Robert W_Cottingham	Biosciences Division, Oak Ridge National Laboratory, Building 1059, P.O. Box 2008, MS 6420, Oak Ridge, TN 37831-6420, USA
